1;login_1;2018-08-07 23:29:55
2;login_2;2018-09-29 22:31:33
3;login_3;2018-08-10 12:56:02
4;login_4;2018-09-14 01:26:52
5;login_5;2018-08-08 05:53:20
6;login_6;2018-08-02 22:41:17
7;login_7;2018-09-18 18:06:02
8;login_8;2018-08-04 06:04:21
9;login_9;2018-08-23 10:58:54
10;login_10;2018-08-06 21:13:57
11;login_11;2018-09-03 01:28:16
12;login_12;2018-09-17 07:51:25
13;login_13;2018-09-13 05:05:35
14;login_14;2018-09-25 05:44:23
15;login_15;2018-08-23 22:17:38
16;login_16;2018-09-15 21:20:12
17;login_17;2018-08-07 07:25:04
18;login_18;2018-08-12 04:03:17
19;login_19;2018-09-30 03:34:53
20;login_20;2018-09-25 23:14:11
21;login_21;2018-09-20 07:52:39
22;login_22;2018-08-01 18:22:39
23;login_23;2018-08-17 01:56:06
24;login_24;2018-08-19 09:23:11
25;login_25;2018-09-29 19:41:22
26;login_26;2018-08-30 04:01:52
27;login_27;2018-09-16 17:39:47
28;login_28;2018-08-10 18:02:38
29;login_29;2018-09-09 07:22:19
30;login_30;2018-08-11 18:36:58
31;login_31;2018-08-14 20:34:10
32;login_32;2018-09-20 11:08:44
33;login_33;2018-08-09 20:50:41
34;login_34;2018-09-30 18:04:22
35;login_35;2018-08-26 18:18:50
36;login_36;2018-09-24 17:14:42
37;login_37;2018-09-16 02:44:53
38;login_38;2018-09-23 20:27:39
39;login_39;2018-08-06 12:14:01
40;login_40;2018-09-23 00:28:12
41;login_41;2018-08-25 16:05:41
42;login_42;2018-09-19 20:38:27
43;login_43;2018-08-04 15:53:17
44;login_44;2018-09-20 10:46:15
45;login_45;2018-08-12 00:00:47
46;login_46;2018-08-13 16:54:21
47;login_47;2018-09-04 11:00:06
48;login_48;2018-08-08 16:50:18
49;login_49;2018-09-24 01:22:55
50;login_50;2018-08-13 10:51:27
51;login_51;2018-08-22 07:23:26
52;login_52;2018-08-28 03:53:32
53;login_53;2018-09-03 00:14:17
54;login_54;2018-09-17 03:39:23
55;login_55;2018-09-01 17:38:11
56;login_56;2018-09-11 02:34:22
57;login_57;2018-09-12 08:14:12
58;login_58;2018-09-28 04:24:08
59;login_59;2018-08-06 00:16:22
60;login_60;2018-08-17 21:44:35
61;login_61;2018-08-19 16:14:41
62;login_62;2018-08-18 09:27:19
63;login_63;2018-09-29 22:24:33
64;login_64;2018-09-15 21:13:21
65;login_65;2018-08-06 16:14:59
66;login_66;2018-08-07 19:14:24
67;login_67;2018-09-02 06:53:03
68;login_68;2018-09-11 07:52:49
69;login_69;2018-08-18 11:45:33
70;login_70;2018-08-27 04:52:17
71;login_71;2018-09-18 20:06:35
72;login_72;2018-09-28 03:27:54
73;login_73;2018-09-18 12:44:44
74;login_74;2018-08-21 13:45:23
75;login_75;2018-08-15 22:35:22
76;login_76;2018-09-09 22:52:47
77;login_77;2018-09-08 22:55:23
78;login_78;2018-08-03 14:04:26
79;login_79;2018-08-16 03:23:20
80;login_80;2018-08-31 05:18:49
81;login_81;2018-09-04 01:23:13
82;login_82;2018-09-28 15:17:46
83;login_83;2018-08-18 15:54:48
84;login_84;2018-09-03 13:11:13
85;login_85;2018-08-27 02:36:25
86;login_86;2018-08-25 03:29:35
87;login_87;2018-09-06 12:14:18
88;login_88;2018-08-29 18:22:17
89;login_89;2018-09-16 01:05:28
90;login_90;2018-08-14 01:50:53
91;login_91;2018-09-09 11:23:56
92;login_92;2018-09-06 07:10:26
93;login_93;2018-09-24 08:12:51
94;login_94;2018-08-08 16:20:17
95;login_95;2018-08-15 03:34:54
96;login_96;2018-08-09 11:55:24
97;login_97;2018-08-29 06:58:54
98;login_98;2018-09-20 12:20:49
99;login_99;2018-09-28 07:14:37
100;login_100;2018-08-22 21:34:03